method	q	distractors	timeout_seconds	support_threshold	mode	records	datasets	seeds	success	mean_r2	std_r2	median_r2	mean_elapsed_seconds	mean_column_count
pysr	100	10	5	0.7	full	72	24	3	0	0.34744417287083706	0.21646346000621922	0.3130784645763605	6.146018822987874	14.708333333333334
pysr	100	10	5	0.7	learned_variables	72	24	3	0	0.4949281412758742	0.20160500911133616	0.4864678957920079	5.378070920705795	4.583333333333333
pysr	100	10	5	0.7	random_variables	72	24	3	0	0.2195902612116801	0.25327658381916446	0.15758640325040313	5.38916144768397	4.583333333333333
pysr	100	20	5	0.7	full	28	24	2	0	0.36384154382952405	0.2798289180860493	0.28767695882728767	6.792335663522993	24.607142857142858
pysr	100	20	5	0.7	learned_variables	28	24	2	0	0.5352818634066101	0.23353501465823384	0.5493159613101293	5.402670076915196	4.0
pysr	100	20	5	0.7	random_variables	28	24	2	0	-0.2310886551889435	1.512993943777706	0.022021447286567353	5.389820584229061	4.0
