method	q	distractors	timeout_seconds	support_threshold	mode	records	datasets	seeds	success	mean_r2	std_r2	median_r2	mean_elapsed_seconds	mean_column_count
pysr	100	10	5	0.7	full	24	24	1	0	0.34142637160137174	0.24376585106506807	0.3106250243182459	6.157268514235814	14.708333333333334
pysr	100	10	5	0.7	learned_variables	24	24	1	0	0.5180683988029188	0.18378369972405242	0.4864678957920079	5.36249840259552	4.666666666666667
pysr	100	10	5	0.7	random_variables	24	24	1	0	0.22064204102189436	0.2690608494397549	0.10476692537201648	5.368321011463801	4.666666666666667
