method	q	distractors	timeout_seconds	support_threshold	mode	records	datasets	seeds	success	mean_r2	std_r2	median_r2	mean_elapsed_seconds	mean_column_count
pysr	100	10	5	0.7	full	24	24	1	0	0.3732947113950334	0.20924330013357814	0.34011208295907425	6.1485490302244825	14.708333333333334
pysr	100	10	5	0.7	learned_variables	24	24	1	0	0.4593109210565199	0.22057346138854866	0.39591970441051183	5.386757254600525	4.541666666666667
pysr	100	10	5	0.7	random_variables	24	24	1	0	0.25067874342471747	0.20166183911993465	0.2324570764863807	5.411928504705429	4.541666666666667
