method	q	distractors	timeout_seconds	support_threshold	mode	records	datasets	seeds	success	mean_r2	std_r2	median_r2	mean_elapsed_seconds	mean_column_count
pysr	100	10	5	0.7	full	24	24	1	0	0.32761143561610606	0.19043880386150208	0.3025094853982778	6.132238924503326	14.708333333333334
pysr	100	10	5	0.7	learned_variables	24	24	1	0	0.5083692813651441	0.1930182788563922	0.5199171956716838	5.384957104921341	4.541666666666667
pysr	100	10	5	0.7	random_variables	24	24	1	0	0.1874499991884285	0.27818204339036523	0.11856900693360484	5.38723482688268	4.541666666666667
