method	q	distractors	timeout_seconds	support_threshold	mode	records	datasets	seeds	success	mean_r2	std_r2	median_r2	mean_elapsed_seconds	mean_column_count
pysr	100	20	5	0.7	full	24	24	1	0	0.3154868974008397	0.25388045974202866	0.2637580825909241	6.206578840812047	24.708333333333332
pysr	100	20	5	0.7	learned_variables	24	24	1	0	0.4960149069724324	0.22638470642758782	0.51389040282419	5.397790481646855	4.041666666666667
pysr	100	20	5	0.7	random_variables	24	24	1	0	-0.2868917430804844	1.6267608323349243	-0.004239313035383885	5.396280805269877	4.041666666666667
