{
  "headline_d20_seeds": {
    "full_exact_pct": {
      "mean": 42.22222222222222,
      "std": 13.471506281091267,
      "vals": [
        30.0,
        40.0,
        56.666666666666664
      ]
    },
    "var_exact_pct": {
      "mean": 60.0,
      "std": 0.0,
      "vals": [
        60.0,
        60.0,
        60.0
      ]
    },
    "varop_exact_pct": {
      "mean": 60.0,
      "std": 11.54700538379252,
      "vals": [
        46.666666666666664,
        66.66666666666667,
        66.66666666666667
      ]
    },
    "full_r2": {
      "mean": 0.9063290246481984,
      "std": 0.04495307958249449,
      "vals": [
        0.8545960332252489,
        0.9285141398068293,
        0.9358769009125171
      ]
    },
    "var_r2": {
      "mean": 0.9795841038806481,
      "std": 0.01117888920192629,
      "vals": [
        0.9669282944419378,
        0.983711911016433,
        0.9881121061835737
      ]
    },
    "varop_r2": {
      "mean": 0.9791958817516129,
      "std": 0.011232664989321293,
      "vals": [
        0.9683602150524723,
        0.990787369460732,
        0.9784400607416345
      ]
    },
    "full_t": {
      "mean": 9.438694784376356,
      "std": 1.3448441244974247,
      "vals": [
        10.97706852753957,
        8.852975591023762,
        8.486040234565735
      ]
    },
    "var_t": {
      "mean": 8.88455204963684,
      "std": 1.555860398734828,
      "vals": [
        10.680377197265624,
        8.030918248494466,
        7.942360703150431
      ]
    },
    "recall": {
      "mean": 1.0,
      "std": 0.0,
      "vals": [
        1.0,
        1.0,
        1.0
      ]
    },
    "sel_cols": {
      "mean": 3.3666666666666667,
      "std": 0.11547005383792501,
      "vals": [
        3.2333333333333334,
        3.433333333333333,
        3.433333333333333
      ]
    }
  },
  "distractor_sweep_seed42": {
    "20": {
      "n": 30,
      "full_exact_pct": 30.0,
      "var_exact_pct": 60.0,
      "varop_exact_pct": 46.666666666666664,
      "full_r2": 0.8545960332252489,
      "var_r2": 0.9669282944419378,
      "varop_r2": 0.9683602150524723,
      "full_t": 10.97706852753957,
      "var_t": 10.680377197265624,
      "recall": 1.0,
      "sel_cols": 3.2333333333333334,
      "full_cols": 23.233333333333334
    },
    "5": {
      "n": 30,
      "full_exact_pct": 56.666666666666664,
      "var_exact_pct": 66.66666666666667,
      "varop_exact_pct": 63.333333333333336,
      "full_r2": 0.8917056755819975,
      "var_r2": 0.9862110273400835,
      "varop_r2": 0.987591084373465,
      "full_t": 8.687202485402425,
      "var_t": 8.302069131533305,
      "recall": 1.0,
      "sel_cols": 3.433333333333333,
      "full_cols": 8.433333333333334
    },
    "10": {
      "n": 30,
      "full_exact_pct": 56.666666666666664,
      "var_exact_pct": 66.66666666666667,
      "varop_exact_pct": 60.0,
      "full_r2": 0.8948327556741169,
      "var_r2": 0.9862110273400835,
      "varop_r2": 0.9875871523885175,
      "full_t": 8.714417457580566,
      "var_t": 8.517240420977275,
      "recall": 1.0,
      "sel_cols": 3.433333333333333,
      "full_cols": 13.433333333333334
    },
    "30": {
      "n": 30,
      "full_exact_pct": 50.0,
      "var_exact_pct": 66.66666666666667,
      "varop_exact_pct": 60.0,
      "full_r2": 0.7872194559103317,
      "var_r2": 0.9863930044806034,
      "varop_r2": 0.9860857610566967,
      "full_t": 8.860813164710999,
      "var_t": 8.513254896799724,
      "recall": 1.0,
      "sel_cols": 3.433333333333333,
      "full_cols": 33.43333333333333
    }
  },
  "distractor_sweep_multiseed": {
    "5": {
      "n_seeds": 5,
      "full_exact_pct_mean": 56.666666666666664,
      "full_exact_pct_std": 4.714045207910318,
      "var_exact_pct_mean": 62.0,
      "var_exact_pct_std": 2.981423969999722,
      "full_r2_mean": 0.9339422280207363,
      "full_r2_std": 0.036547440685916206,
      "var_r2_mean": 0.9856962868268437,
      "var_r2_std": 0.005320656469550649,
      "recall_mean": 1.0
    },
    "10": {
      "n_seeds": 5,
      "full_exact_pct_mean": 50.666666666666664,
      "full_exact_pct_std": 4.346134936801766,
      "var_exact_pct_mean": 62.0,
      "var_exact_pct_std": 2.981423969999722,
      "full_r2_mean": 0.8817321976177782,
      "full_r2_std": 0.03598253311491498,
      "var_r2_mean": 0.9856468370810465,
      "var_r2_std": 0.005045236653161417,
      "recall_mean": 1.0
    },
    "20": {
      "n_seeds": 5,
      "full_exact_pct_mean": 45.33333333333333,
      "full_exact_pct_std": 11.450376024878445,
      "var_exact_pct_mean": 60.66666666666667,
      "var_exact_pct_std": 1.4907119849998607,
      "full_r2_mean": 0.9235559792525571,
      "full_r2_std": 0.03986804630499034,
      "var_r2_mean": 0.9820803035205934,
      "var_r2_std": 0.009950669973394421,
      "recall_mean": 1.0
    },
    "30": {
      "n_seeds": 5,
      "full_exact_pct_mean": 43.99999999999999,
      "full_exact_pct_std": 6.831300510639734,
      "var_exact_pct_mean": 62.0,
      "var_exact_pct_std": 2.981423969999722,
      "full_r2_mean": 0.8726295927581311,
      "full_r2_std": 0.06967521289254733,
      "var_r2_mean": 0.9863000806523251,
      "var_r2_std": 0.005338580033778919,
      "recall_mean": 1.0
    }
  },
  "scale_up_n80": {
    "n": 80,
    "full_exact_pct": 53.75,
    "var_exact_pct": 66.25,
    "varop_exact_pct": 67.5,
    "full_r2": 0.8998380065083529,
    "var_r2": 0.9811193316917525,
    "varop_r2": 0.9805477553578923,
    "full_t": 7.759967899322509,
    "var_t": 7.573330193758011,
    "recall": 1.0,
    "sel_cols": 3.6625,
    "full_cols": 23.6625
  },
  "gplearn_multiseed": {
    "42": {
      "n": 30,
      "full_exact_pct": 0.0,
      "var_exact_pct": 16.666666666666668,
      "full_r2": 0.38416664917331605,
      "var_r2": 0.7916081976490978
    },
    "43": {
      "n": 30,
      "full_exact_pct": 3.3333333333333335,
      "var_exact_pct": 16.666666666666668,
      "full_r2": 0.4921601843293708,
      "var_r2": 0.7390002888286096
    },
    "44": {
      "n": 30,
      "full_exact_pct": 6.666666666666667,
      "var_exact_pct": 20.0,
      "full_r2": 0.5482439616434748,
      "var_r2": 0.7566609665419453
    },
    "__mean_std__": {
      "n_seeds": 3,
      "full_exact_pct_mean": 3.3333333333333335,
      "full_exact_pct_std": 3.3333333333333335,
      "var_exact_pct_mean": 17.77777777777778,
      "var_exact_pct_std": 1.9245008972987518,
      "full_r2_mean": 0.4748569317153872,
      "full_r2_std": 0.08339600128378473,
      "var_r2_mean": 0.7624231510065509,
      "var_r2_std": 0.026773122622684654
    }
  },
  "n_seeds": 3
}