{
  "tau_0.03": {
    "tau": 0.03,
    "named": {
      "recall": 0.9117647058823529,
      "precision": 0.38281262684247763,
      "kept": 9.346153846153847,
      "filter": 0.5887573964497042
    },
    "anon": {
      "recall": 0.7435897435897436,
      "precision": 0.34569426988781826,
      "kept": 9.23076923076923,
      "filter": 0.5976331360946746
    }
  },
  "tau_0.1": {
    "tau": 0.1,
    "named": {
      "recall": 0.8247549019607844,
      "precision": 0.4646541169268442,
      "kept": 8.173076923076923,
      "filter": 0.6789940828402367
    },
    "anon": {
      "recall": 0.7256410256410257,
      "precision": 0.37991551459293393,
      "kept": 8.471153846153847,
      "filter": 0.6560650887573964
    }
  },
  "tau_0.2": {
    "tau": 0.2,
    "named": {
      "recall": 0.7610294117647058,
      "precision": 0.503110599078341,
      "kept": 7.528846153846154,
      "filter": 0.7285502958579881
    },
    "anon": {
      "recall": 0.7025641025641026,
      "precision": 0.4266129032258064,
      "kept": 7.884615384615385,
      "filter": 0.7011834319526626
    }
  },
  "tau_0.3": {
    "tau": 0.3,
    "named": {
      "recall": 0.7377450980392157,
      "precision": 0.5359875097580015,
      "kept": 7.0576923076923075,
      "filter": 0.764792899408284
    },
    "anon": {
      "recall": 0.6666666666666667,
      "precision": 0.4370967741935484,
      "kept": 7.519230769230769,
      "filter": 0.7292899408284024
    }
  },
  "tau_0.5": {
    "tau": 0.5,
    "named": {
      "recall": 0.596813725490196,
      "precision": 0.547457627118644,
      "kept": 6.25,
      "filter": 0.826923076923077
    },
    "anon": {
      "recall": 0.5205128205128206,
      "precision": 0.4201612903225806,
      "kept": 6.3076923076923075,
      "filter": 0.8224852071005917
    }
  },
  "tau_0.7": {
    "tau": 0.7,
    "named": {
      "recall": 0.40686274509803916,
      "precision": 0.5324404761904762,
      "kept": 5.4423076923076925,
      "filter": 0.8890532544378698
    },
    "anon": {
      "recall": 0.2846153846153846,
      "precision": 0.37578616352201255,
      "kept": 5.25,
      "filter": 0.9038461538461539
    }
  }
}