{"a_times": [308.74789023399353, 1.1891188621520996, 20.77098560333252, 77.90270066261292, 11.09611463546753, 3.380634307861328, 3.3321421146392822, 50.338913917541504, 300.7690670490265, 8.834304094314575], "b_times": [301.34040665626526, 1.4266915321350098, 13.493337631225586, 12.517861127853394, 11.90562105178833, 1.057715654373169, 2.4039392471313477, 9.531333446502686, 301.47786951065063, 2.597015619277954], "both": [[308.74789023399353, 301.34040665626526], [1.1891188621520996, 1.4266915321350098], [20.77098560333252, 13.493337631225586], [77.90270066261292, 12.517861127853394], [11.09611463546753, 11.90562105178833], [3.380634307861328, 1.057715654373169], [3.3321421146392822, 2.4039392471313477], [50.338913917541504, 9.531333446502686], [300.7690670490265, 301.47786951065063], [8.834304094314575, 2.597015619277954]], "a_solved": 10, "b_solved": 10}