{
  "config": {
    "seed": 42,
    "q": 100,
    "n_dist": 20,
    "taus": [
      0.05,
      0.08,
      0.1,
      0.15,
      0.2,
      0.3,
      0.5,
      0.75,
      1.0
    ]
  },
  "summary": {
    "tau_0.05": {
      "tau": 0.05,
      "recall": 1.0,
      "precision": 0.8795433145009415,
      "f1": 0.9359117262658274,
      "perfect_recall_frac": 1.0,
      "mean_kept_cols": 4.601694915254237,
      "n_tasks": 118
    },
    "tau_0.08": {
      "tau": 0.08,
      "recall": 1.0,
      "precision": 0.9248553941350551,
      "f1": 0.9609609079960666,
      "perfect_recall_frac": 1.0,
      "mean_kept_cols": 4.305084745762712,
      "n_tasks": 118
    },
    "tau_0.1": {
      "tau": 0.1,
      "recall": 1.0,
      "precision": 0.9379203658864674,
      "f1": 0.9679658482493416,
      "perfect_recall_frac": 1.0,
      "mean_kept_cols": 4.228813559322034,
      "n_tasks": 118
    },
    "tau_0.15": {
      "tau": 0.15,
      "recall": 1.0,
      "precision": 0.9636064030131826,
      "f1": 0.9814659404693136,
      "perfect_recall_frac": 1.0,
      "mean_kept_cols": 4.101694915254237,
      "n_tasks": 118
    },
    "tau_0.2": {
      "tau": 0.2,
      "recall": 1.0,
      "precision": 0.9664312617702449,
      "f1": 0.9829291062111855,
      "perfect_recall_frac": 1.0,
      "mean_kept_cols": 4.093220338983051,
      "n_tasks": 118
    },
    "tau_0.3": {
      "tau": 0.3,
      "recall": 1.0,
      "precision": 0.9800107613666935,
      "f1": 0.9899044793022167,
      "perfect_recall_frac": 1.0,
      "mean_kept_cols": 4.02542372881356,
      "n_tasks": 118
    },
    "tau_0.5": {
      "tau": 0.5,
      "recall": 0.996186440677966,
      "precision": 0.9889426957223567,
      "f1": 0.992551351471556,
      "perfect_recall_frac": 0.9830508474576272,
      "mean_kept_cols": 3.957627118644068,
      "n_tasks": 118
    },
    "tau_0.75": {
      "tau": 0.75,
      "recall": 0.8992937853107346,
      "precision": 0.987005649717514,
      "f1": 0.9411104407966875,
      "perfect_recall_frac": 0.7711864406779662,
      "mean_kept_cols": 3.593220338983051,
      "n_tasks": 118
    },
    "tau_1.0": {
      "tau": 1.0,
      "recall": 0.7298022598870058,
      "precision": 0.7711864406779662,
      "f1": 0.7499238423503004,
      "perfect_recall_frac": 0.635593220338983,
      "mean_kept_cols": 3.0508474576271185,
      "n_tasks": 118
    }
  }
}