method	q	distractors	timeout_seconds	support_threshold	mode	records	datasets	seeds	success	mean_r2	std_r2	median_r2	mean_elapsed_seconds	mean_column_count
pysr	100	20	5	0.7	full	24	24	1	0	0.3122730630264902	0.26280208450452575	0.2637580825909241	6.155086745818456	24.708333333333332
pysr	100	20	5	0.7	learned_variables	24	24	1	0	0.4773638800447464	0.2407644832394381	0.4913480269757509	5.3749794363975525	4.041666666666667
pysr	100	20	5	0.7	random_variables	24	24	1	0	-0.28542674887989183	1.6269051784491642	-0.0092340096018243	5.342150996128718	4.041666666666667
